{
  "pod_restarts": {
    "nrf-599b56f964-7spm5": 0.0,
    "mongodb-6796b4d5dc-hqhsq": 0.0,
    "upf-9f5hz": 0.0,
    "udr-7456945f49-hnsnw": 0.0,
    "udm-58cc5c7d7c-q64rq": 0.0,
    "ausf-557b995b7-xt64m": 0.0,
    "nssf-5bb644c4d7-92xfr": 0.0,
    "pcf-f9775c644-c8vff": 0.0,
    "smf-854f858746-m6jgq": 0.0,
    "amf-8f76f76b9-k7d84": 0.0
  },
  "oom_kills": {},
  "resource_usage": {
    "nrf-599b56f964-7spm5": {
      "cpu": 0.0,
      "memory_percent": 2.909088134765625
    },
    "mongodb-6796b4d5dc-hqhsq": {
      "cpu": 0.0,
      "memory_percent": 3.6762237548828125
    },
    "upf-9f5hz": {
      "cpu": 0.0,
      "memory_percent": 0.9113311767578125
    },
    "pcf-f9775c644-c8vff": {
      "cpu": 0.0,
      "memory_percent": 2.567291259765625
    },
    "udr-7456945f49-hnsnw": {
      "cpu": 0.0,
      "memory_percent": 2.79998779296875
    },
    "ausf-557b995b7-xt64m": {
      "cpu": 0.0,
      "memory_percent": 3.800201416015625
    },
    "nssf-5bb644c4d7-92xfr": {
      "cpu": 0.0,
      "memory_percent": 2.912139892578125
    },
    "udm-58cc5c7d7c-q64rq": {
      "cpu": 0.0,
      "memory_percent": 2.539825439453125
    },
    "smf-854f858746-m6jgq": {
      "cpu": 0.0,
      "memory_percent": 3.7628173828125
    },
    "amf-8f76f76b9-k7d84": {
      "cpu": 0.0,
      "memory_percent": 1.407623291015625
    }
  },
  "node_health": {
    "nrf-599b56f964-7spm5": "Running",
    "mongodb-6796b4d5dc-hqhsq": "Running",
    "upf-9f5hz": "Running",
    "udr-7456945f49-hnsnw": "Running",
    "udm-58cc5c7d7c-q64rq": "Running",
    "ausf-557b995b7-xt64m": "Running",
    "nssf-5bb644c4d7-92xfr": "Running",
    "pcf-f9775c644-c8vff": "Running",
    "smf-854f858746-m6jgq": "Running",
    "amf-8f76f76b9-k7d84": "Running"
  },
  "concurrent_failures": 0,
  "critical_events": []
}